id,topic,difficulty,questionText,codeSnippet,optionA,optionB,optionC,optionD,correctOption,explanation
java-1,Multithreading & Concurrency,hard,"A ThreadPoolExecutor is initialized with corePoolSize = 3, maximumPoolSize = 6, keepAliveTime = 60s, and a workQueue capacity of 7. If you submit 12 tasks concurrently with no delay, what is the state of the pool?","ThreadPoolExecutor executor = new ThreadPoolExecutor(
    3, 6, 60, TimeUnit.SECONDS,
    new ArrayBlockingQueue<>(7)
);
for (int i = 0; i < 12; i++) {
    executor.submit(() -> {
        try { Thread.sleep(10000); } catch (InterruptedException e) {}
    });
}","3 active threads running tasks, with 9 tasks in the queue.","6 active threads running tasks, with 6 tasks in the queue.","The task execution throws a RejectedExecutionException immediately.","5 active threads running tasks, with 7 tasks waiting in the queue.",D,"ThreadPoolExecutor rules: 1) First 3 tasks spawn 3 core threads. 2) Next 7 tasks fill the queue. 3) Remaining tasks spawn threads up to max (6). Since total tasks (12) fit within capacity, the pool spawns 2 extra threads, resulting in 5 active threads and 7 queued tasks."
java-2,Collections & Internals,hard,"You insert 5 distinct instances of class CustomKey into a HashMap with constant hashCode 110 but no equals() override. What happens on get()?","Map<CustomKey, String> map = new HashMap<>();","The retrieval returns null because equals() is not implemented.","The HashMap throws a NullPointerException because the hash value is constant.","The retrieval returns the value of the last inserted element in the bucket.","The retrieval succeeds and returns 'Val_2' because object reference identity (==) is checked and succeeds on the exact same key reference.",D,"HashMap's get() method checks (k == key || key.equals(k)). Reference identity (==) succeeds when searchKey is passed."
sb-1,Spring Boot Core,medium,"What is the default auto-configuration import mechanism in Spring Boot 3.0+?","","@EnableAutoConfiguration annotation in spring.factories","AutoConfiguration.imports file in META-INF/spring/","SpringApplication.run() default classpath scan","@ComponentScan override in SpringBootTest",B,"Spring Boot 3.0 moved auto-configuration imports from META-INF/spring.factories to META-INF/spring/org.springframework.boot.autoconfigure.AutoConfiguration.imports."
sd-1,System Design Architecture,hard,"Which database pattern prevents dual-write anomalies in microservices by atomically saving state and outbox events in a single DB transaction?","","Two-Phase Commit (2PC)","Saga Pattern with Orchestration","Transactional Outbox Pattern","Event Sourcing with CQRS",C,"The Transactional Outbox pattern writes domain entities and an outbox event to the same database in a single local ACID transaction, avoiding dual-write inconsistencies."
